[{"code":"try {\n\r%s\n} catch(net.lingala.zip4j.exception.ZipException e) {\n\r%s\n}","color":"#766633","name":"trymolang","typeName":"","palette":"38","type":"e","spec":"Try Zip4J"},{"code":"net.lingala.zip4j.core.ZipFile zipFile \u003d new net.lingala.zip4j.core.ZipFile(%1$s);","color":"#766633","name":"newZip","typeName":"","palette":"38","type":" ","spec":"Zip InPut Directory %s"},{"code":"zipFile.extractAll(%1$s);","color":"#766633","name":"newZipp","typeName":"","palette":"38","type":" ","spec":"Zip OutPut Directory %s"},{"code":"zipFile.isEncrypted()","color":"#766633","name":"isEncrypted","typeName":"","palette":"38","type":"b","spec":"is Encrypted"},{"code":"zipFile.setPassword(%1$s);","color":"#766633","name":"zipPass","typeName":"","palette":"38","type":" ","spec":"setPass %s"},{"code":"e","color":"#766633","name":"ZipException","typeName":"","palette":"38","type":"s","spec":"Zip Exception"},{"code":"TextUtils.isEmpty(%1$s.getText().toString())","color":"#766633","name":"ifempty","typeName":"","palette":"38","type":"b","spec":"%m.edittext isEmpty"},{"code":"java.io.File compress \u003d new java.io.File(%s);","color":"#766633","name":"oile","typeName":"","palette":"38","type":" ","spec":"File %s"}]